{"cones": [[1.2187874891168058, 3.490680516952316, 0.0], [-1.6476550875578404, 6.4563752528878275, 0.0], [-5.834733269079165, 8.832916038464603, 0.0], [-3.4296494228380525, 7.544406404312123, 0.0], [-0.3528380229280377, 4.52030802542229, 0.0], [-4.685343841701267, 3.2533488689562935, 1.0]], "curr_time": 23.0, "init_speed": 5.0578078741375965, "next_speed": 5.75, "next_speed_arr": [5.0578078741375965, 5.75], "path": [[0.0, 0.0], [-1.733278176292231, 3.3720146929543047]]}