{"cones": [[-1.991346781323648, 9.098739295156598, 0.0], [-0.1222265810011474, 6.4456788938350975, 0.0], [1.8486757320204774, 4.237403537560572, 0.0], [-4.560635597236976, 9.5851251014922, 0.0], [-5.1244096737322264, 6.2368177191826915, 1.0], [-3.2333733627984165, 5.4196693448399, 1.0], [-2.283224381710133, 3.1126156008081547, 1.0]], "curr_time": 11.0, "init_speed": 6.033108280028159, "next_speed": 6.033108280028159, "next_speed_arr": [6.033108280028159, 5.75], "path": [[0.0, 0.0], [-0.21727432484482767, 3.675009569184363]]}