{"cones": [[-4.5888553821930245, 22.470608584324033, 0.0], [-3.848395565874875, 19.064924887573937, 0.0], [-2.4789717646492084, 16.76614087849353, 0.0], [-2.5088385768613115, 14.354657207948211, 0.0], [-3.1699249303471917, 11.85516895764602, 0.0], [-2.9841654986365547, 9.094170338419646, 0.0], [-1.671710308858508, 6.6756606043068425, 0.0], [0.3691325359039106, 4.404251757015688, 0.0], [-5.1439464670944925, 5.024746508296248, 1.0]], "curr_time": 17.0, "init_speed": 5.983092874597874, "next_speed": 5.983092874597874, "next_speed_arr": [5.983092874597874, 5.75], "path": [[0.0, 0.0], [-2.387406965595291, 4.714499132655968]]}