{"cones": [[-4.340119983121815, 6.573200313734146, 0.0], [0.33747262456109295, 7.845120371806141, 0.0], [-1.9075214977807713, 7.6877855073281625, 0.0], [3.1255685071797012, 8.22124809121539, 0.0], [5.842545935386806, 9.302333993439333, 0.0], [-2.0360737191113345, 3.938418627603083, 1.0], [1.7684544892144933, 4.387609381944161, 1.0], [4.927888269786606, 5.117560440110555, 1.0]], "curr_time": 31.0, "init_speed": 6.9834009832035795, "next_speed": 6.9834009832035795, "next_speed_arr": [6.9834009832035795, 5.148329734802246, 6.308206247267591, 6.8028514651329886, 5.75], "path": [[0.0, 0.0], [-0.8493005472751207, 5.891769499704612], [2.447011498197097, 6.3044287365797755], [4.0267283884831535, 6.669404265662973], [5.385217102586706, 7.209947216774944]]}