{"cones": [[5.909403039337306, 6.0244617427524325, 0.0], [3.837146618741085, 4.121646975288037, 0.0], [-5.725017674587339, 19.16647108804973, 0.0], [-4.342302325748967, 21.93683866210915, 0.0], [5.49262022689216, 19.576661084468164, 1.0], [4.966770946732658, 16.44319026615804, 1.0], [5.039903544032811, 13.195498617359238, 1.0], [5.622772154268063, 10.586685268561354, 1.0], [2.758421935556278, 8.042730660810228, 1.0], [0.5838408451503251, 5.637310231366076, 1.0], [-1.2701740122952017, 3.7011461985027205, 1.0], [-5.009505021811753, 14.928456752733412, 1.0], [-2.843366261839741, 17.869835709906187, 1.0], [-1.2226477976934644, 20.88870284483826, 1.0]], "curr_time": 15.0, "init_speed": 7.099061608261114, "next_speed": 7.773675215311988, "next_speed_arr": [7.099061608261114, 6.9701738357543945, 7.34470587256969, 7.773675215311988, 5.75], "path": [[0.0, 0.0], [1.2834863032229418, 3.911396586895379], [2.210493731945705, 4.8794786033270565], [3.297784277148682, 6.082188818049133], [4.333912487446792, 7.0335962017813305]]}