{"cones": [[-5.188836534456774, 7.341467546891883, 0.0], [-2.3690313027910004, 6.065270773184334, 0.0], [0.0138571903572989, 4.17723859809444, 0.0], [-4.051342072271037, 2.7721181425785537, 1.0]], "curr_time": 6.0, "init_speed": 5.18284638771331, "next_speed": 5.75, "next_speed_arr": [5.18284638771331, 5.75], "path": [[0.0, 0.0], [-2.0187424409568693, 3.4746783703364965]]}