{"cones": [[-4.452493839872297, 23.601832927199876, 0.0], [-2.985142375378458, 21.364287587454797, 0.0], [-2.910914421601673, 18.95376155966407, 0.0], [-3.463520150803077, 16.428072824245994, 0.0], [-3.1587836049506173, 13.677662749464178, 0.0], [-1.7431809478689053, 11.318044755712453, 0.0], [0.39378269857595416, 9.136823986889732, 0.0], [2.1454325277334156, 6.649692965750475, 0.0], [2.4637659814986965, 3.9929093168854757, 0.0], [-5.140937609782339, 9.518825214525014, 1.0], [-3.1129345722622737, 6.981099243842848, 1.0], [-1.0671708883599043, 5.260490672642004, 1.0]], "curr_time": 16.0, "init_speed": 6.605159479637047, "next_speed": 5.971902769729701, "next_speed_arr": [5.971902769729701, 4.996045916814785, 3.7772927284240723, 4.428793016112124], "path": [[0.0, 0.0], [0.6982975465693961, 4.62669999476374], [0.5391308196867557, 5.955091819196239], [-0.4837510222644288, 6.815396104796662]]}