{"cones": [[-5.411026582311111, 18.745652256539486, 0.0], [-1.7113497717850532, 15.42880182096816, 0.0], [-2.74729494182332, 17.45512146493953, 0.0], [-0.6159526821251372, 12.245014366256735, 0.0], [0.48945893863050205, 8.672006607349315, 0.0], [1.0524668733912026, 5.760135804449077, 0.0], [1.5220347487596635, 2.723770157019498, 0.0], [0.7198615764536648, 10.901894997302731, 0.0], [-2.8468432374513486, 7.397388902929458, 1.0], [-2.321868542722456, 4.282408659450331, 1.0], [-3.607374485124699, 10.026281250661242, 1.0], [-4.59043245353315, 12.223365706226211, 1.0]], "curr_time": 8.0, "init_speed": 5.03905209710124, "next_speed": 5.0, "next_speed_arr": [NaN, NaN, NaN, NaN, NaN], "path": [[0.0, 0.0], [-0.39991689698139643, 3.5030894082349144], [-0.39991689698139643, 3.5030894082349144], [-0.6347008346656269, 5.021272231949704], [-0.8971881820300731, 6.578762353689267]]}