{"cones": [[-5.9040542563402365, 15.484014897685023, 0.0], [-3.883856209203077, 14.170595736919463, 0.0], [-2.4193084071043662, 11.907180889609037, 0.0], [-0.6216211384357537, 9.475005642208181, 0.0], [1.9244419914469564, 4.058056598240388, 0.0], [1.1907585474970777, 6.085036946879097, 0.0], [-4.463987482230501, 9.31364883626518, 1.0], [-3.006794207781469, 6.695815933533744, 1.0], [-1.7836169546863618, 4.019468606637815, 1.0]], "curr_time": 0.0, "init_speed": 0.0, "next_speed": 5.0, "next_speed_arr": [0.0, 4.019639913649031, 4.426936626434326, 4.6069678087821035], "path": [[0.0, 0.0], [0.07041251838029727, 4.0387626024391015], [-0.2964292035946421, 5.052252776758456], [-0.5411761081672561, 5.376936265887066]]}