{"cones": [[-3.6132940938544533, 11.853328268942965, 0.0], [-0.6038874673577865, 10.779393097069116, 0.0], [1.2482682254027806, 8.246867263574906, 0.0], [1.7440216759862905, 5.441488743260719, 0.0], [1.6733401676088595, 2.7579762753840233, 0.0], [-4.403174787263337, 7.461788894667053, 1.0], [-1.722152883076487, 4.397746086964003, 1.0], [-2.5880483225818005, 6.92521701373535, 1.0]], "curr_time": 4.0, "init_speed": 6.079997722619051, "next_speed": 6.347294868669252, "next_speed_arr": [6.079997722619051, 6.347294868669252, 5.440719127655029, 5.75], "path": [[0.0, 0.0], [-0.02440635773381361, 3.577861181174013], [0.010934396454901796, 4.919617415112361], [-0.422013323297755, 6.1833528784980345]]}