{"cones": [[-2.7847401689279425, 7.183053203961425, 0.0], [0.0019068712379221274, 4.123178117437216, 0.0], [-1.9097480691580027, 5.268393849478107, 0.0], [-4.663481321797801, 7.204761193770256, 0.0], [-5.323074146880973, 3.0326045064210394, 1.0]], "curr_time": 22.0, "init_speed": 5.145334833640596, "next_speed": 5.75, "next_speed_arr": [5.145334833640596, 5.75], "path": [[0.0, 0.0], [-2.6605836378215257, 3.5778913119291276]]}