{"cones": [[-5.692436709791679, 17.736931704146283, 0.0], [-4.039404702861642, 15.416715052609076, 0.0], [-2.9502184827376796, 12.963164886264751, 0.0], [-2.008923505983989, 10.769689081764259, 0.0], [-0.6157974489445068, 8.713153217064567, 0.0], [0.7109714871951291, 6.701697467708445, 0.0], [1.1486719561023244, 4.04155361160294, 0.0], [-3.743742270004433, 7.077498786252246, 1.0], [-2.5009403608538254, 4.633856250365411, 1.0], [-5.019359914575265, 9.07838962746318, 1.0]], "curr_time": 2.0, "init_speed": 5.11720116808606, "next_speed": 5.0, "next_speed_arr": [NaN, NaN, NaN, NaN, NaN], "path": [[0.0, 0.0], [-0.6761342023757506, 4.3377049309841755], [-0.6761342023757506, 4.3377049309841755], [-0.8949844368293483, 5.667776859036928], [-1.516385391404652, 6.889598126980346]]}