{"cones": [[1.0738601226153508, 4.97769860595475, 0.0], [-5.5904936092869395, 10.113917885535876, 0.0], [-2.0652132958301483, 7.945822873053558, 0.0], [-4.2193133699332295, 8.516608782833401, 0.0], [-0.10062870413505197, 6.64618026475198, 0.0], [-1.9895140752464582, 2.7570012911605692, 1.0], [-2.928475302569037, 4.070134437758586, 1.0]], "curr_time": 21.0, "init_speed": 5.014044394386097, "next_speed": 5.75, "next_speed_arr": [5.014044394386097, 5.75], "path": [[0.0, 0.0], [-0.4578269763155536, 3.8673499485576595]]}