{"cones": [[4.843987842793766, 8.922510226249893, 0.0], [3.0066977450971013, 7.1034880226828925, 0.0], [1.766674923813199, 4.62963205587025, 0.0], [4.867804807491341, 23.444212089014126, 0.0], [2.9286290479850954, 24.542183426434864, 0.0], [3.62627424188591, 18.40554146717518, 1.0], [3.0506807262248743, 19.913738719472935, 1.0], [-2.7566901356073523, 22.93865254982682, 1.0], [2.724604255525117, 12.851362921943903, 1.0], [1.0039878241410216, 10.297906475188421, 1.0], [-0.5759220287078671, 7.65464061216041, 1.0], [-1.8742656929681436, 5.382064684215654, 1.0], [-0.42881778045799007, 22.223326015215125, 1.0]], "curr_time": 18.0, "init_speed": 6.639545070870368, "next_speed": 7.803521633148193, "next_speed_arr": [6.639545070870368, 7.803521633148193, 7.38619768639672, 6.649374008178711, 7.027449429315549, 5.75], "path": [[0.0, 0.0], [-0.05379538457747235, 5.005848370042951], [1.215387858194617, 7.379064317421651], [2.0053427846190615, 8.700697248935658], [2.9239878334673937, 9.610208350719157], [3.7842960491594413, 10.886936574096897]]}