{"cones": [[-5.711216174426523, 8.685242684660926, 0.0], [-2.7851054887387385, 7.860197643431654, 0.0], [0.12878558620238117, 6.5490516559961405, 0.0], [1.7724941573813706, 3.876526643844965, 0.0], [-5.995935667805906, 4.998244097237265, 1.0], [-3.923630179701885, 3.545885286438591, 1.0], [-2.1572239477149346, 2.8658834557119834, 1.0]], "curr_time": 5.0, "init_speed": 5.076563651173954, "next_speed": 5.75, "next_speed_arr": [5.076563651173954, 5.75], "path": [[0.0, 0.0], [-0.192364895166782, 3.3712050497784745]]}