{"cones": [[-5.129129439470103, 12.864605497186455, 0.0], [-2.6685264503014277, 10.748530653045062, 0.0], [0.5161422075831235, 6.934478889659862, 0.0], [-0.21788098127279712, 9.08862922171463, 0.0], [1.1426785432699444, 3.6263299267385425, 0.0], [-5.43477112707797, 8.993588978594804, 1.0], [-3.9498223708453106, 6.988543528866273, 1.0], [-2.7936652341628716, 4.176016913739839, 1.0]], "curr_time": 10.0, "init_speed": 5.023422282904275, "next_speed": 5.0, "next_speed_arr": [NaN, NaN, NaN, NaN, NaN], "path": [[0.0, 0.0], [-0.8254933454464637, 3.901173420239191], [-0.8254933454464637, 3.901173420239191], [-1.138761513289874, 5.55524790169985], [-1.7168400816310938, 6.961511209263067]]}