{"cones": [[-4.332085719405586, 24.45828419521229, 0.0], [-5.894681067563141, 19.869608022775186, 0.0], [-4.769143174834227, 21.818432622620225, 0.0], [-5.561461306135466, 9.254725742028175, 0.0], [-3.923657460562398, 7.733086111770896, 0.0], [0.9681842257376316, 4.237775126730422, 0.0], [-1.22650501595104, 5.659448543728167, 0.0], [-5.266150432864226, 4.1671505021855975, 1.0], [-3.014351811482727, 2.7728229408029264, 1.0]], "curr_time": 12.0, "init_speed": 6.117509276691766, "next_speed": 6.117509276691766, "next_speed_arr": [6.117509276691766, 5.75], "path": [[0.0, 0.0], [-1.0230837928725476, 3.505299033766674]]}