{"cones": [[-0.7018829323904382, 2.5315339148669285, 0.0]], "curr_time": 32.0, "init_speed": 5.073437688334561, "next_speed": 5.073437688334561, "next_speed_arr": [5.073437688334561], "path": [[0.0, 0.0]]}