{"cones": [[-5.610617964979512, 13.277698545161313, 0.0], [-4.598788062279072, 16.15876395861025, 0.0], [-3.1422272836706924, 18.829443373762945, 0.0], [1.297620824683342, 20.77505433495759, 0.0], [-0.8998672469690838, 20.28946289776463, 0.0], [4.000154635456427, 21.556886614676934, 0.0], [5.868140166864017, 3.8285942938979045, 0.0], [-4.360059471199167, 8.453265967194863, 1.0], [-2.494710493954134, 11.025352674080208, 1.0], [-1.1149340413429205, 13.966282180764273, 1.0], [-0.47594803187369533, 16.561920789154545, 1.0], [3.2212406957152173, 17.56541604789866, 1.0], [3.8645743214574635, 6.272137228156272, 1.0], [1.0697444152393913, 4.289912994194147, 1.0]], "curr_time": 29.0, "init_speed": 6.220666050391729, "next_speed": 5.0, "next_speed_arr": [NaN, NaN, NaN, NaN, NaN, NaN], "path": [[0.0, 0.0], [3.4689422910517043, 4.059253644046025], [3.4689422910517043, 4.059253644046025], [3.4689422910517043, 4.059253644046025], [-0.8730218217610242, 9.774917886658793], [-0.8730218217610242, 9.774917886658793]]}