{"cones": [[-3.9535517368624444, 15.777078354873113, 0.0], [-1.6146929484775006, 13.685689492051228, 0.0], [-0.5456996957772823, 11.04501276975312, 0.0], [-0.056101225211582825, 8.405594580360633, 0.0], [0.35004872538216286, 6.0534860463377, 0.0], [1.227478903695659, 3.729640901801767, 0.0], [-2.1948060954686106, 2.865135491103367, 1.0], [-3.718594530556101, 9.302456264528322, 1.0], [-2.9708635709808666, 5.1075670571235605, 1.0], [-5.0917550768659146, 11.594249080619832, 1.0]], "curr_time": 3.0, "init_speed": 7.16158086504897, "next_speed": 7.16158086504897, "next_speed_arr": [7.16158086504897, 5.75], "path": [[0.0, 0.0], [-0.4836635958864757, 3.297388196452567]]}