{"cones": [[-2.9232232658836965, 9.779211849835239, 0.0], [-5.326293182845683, 11.109029122328103, 0.0], [-1.3813341452490187, 8.149576688226894, 0.0], [0.0393672978430638, 6.073434484684647, 0.0], [1.2235181239994453, 3.6152904275417668, 0.0], [-3.223386119954803, 4.197526918579253, 1.0], [-4.183574123126449, 5.913172875087095, 1.0]], "curr_time": 24.0, "init_speed": 7.367894412448897, "next_speed": 5.0, "next_speed_arr": [NaN, NaN, NaN, NaN, NaN], "path": [[0.0, 0.0], [-0.9999339979776787, 3.9064086730605103], [-0.9999339979776787, 3.9064086730605103], [-1.5920094110558696, 5.13548070163195], [-2.0721034126416926, 5.993303679885871]]}