{"cones": [[-4.819608591917083, 12.410959085486878, 0.0], [-2.9063338077255247, 10.946155466669786, 0.0], [-1.620080973718687, 8.576872730762815, 0.0], [-0.014644782179579785, 6.013724162127154, 0.0], [-5.261999157510044, 7.9389664503948625, 1.0], [-3.8580470789918198, 6.148163455524366, 1.0], [-2.6063670851194716, 3.4260762896418133, 1.0]], "curr_time": 1.0, "init_speed": 5.076563651173954, "next_speed": 5.75, "next_speed_arr": [5.076563651173954, 5.75], "path": [[0.0, 0.0], [-1.3105059336495257, 4.7199002258844835]]}