{"cones": [[-4.565661544123291, 9.326272986926751, 0.0], [-2.4829769823962593, 7.06741589742056, 0.0], [-0.8521315671194375, 4.826449929432622, 0.0], [-4.1744045988398915, 3.2944174621718716, 1.0]], "curr_time": 7.0, "init_speed": 4.989036691670955, "next_speed": 5.0, "next_speed_arr": [4.989036691670955, 5.75], "path": [[0.0, 0.0], [-2.5132680829796645, 4.060433695802247]]}