{"cones": [[5.413408397729818, 12.41466518476875, 0.0], [3.040253882413657, 10.70620075148114, 0.0], [0.8104236980552691, 8.211362739504574, 0.0], [1.1815773201746065, 5.3367698744142205, 0.0], [1.3832595404705625, 3.110312400542346, 0.0], [5.799025954388297, 16.463102329022963, 1.0], [2.911394885432214, 14.987827042597415, 1.0], [0.4902045611672508, 13.837201270476795, 1.0], [-1.53675280629528, 11.550552325463485, 1.0], [-2.5926326976493703, 9.22727098216065, 1.0], [-3.2252785928030727, 6.1618056449031995, 1.0], [-2.9330716567936848, 3.41068534513054, 1.0], [-5.260960719269143, 22.066647935527115, 1.0], [-2.8106959738707213, 23.15429328532182, 1.0]], "curr_time": 13.0, "init_speed": 5.698630256213127, "next_speed": 5.0, "next_speed_arr": [NaN, NaN, NaN, NaN, NaN], "path": [[0.0, 0.0], [-0.774906058161561, 3.2604988728364432], [-0.774906058161561, 3.2604988728364432], [-0.8757471683095392, 4.373727609772381], [-1.021850636314233, 5.74928775965871]]}