{"cones": [[-4.2416180392024145, 7.726193456176076, 0.0], [-1.7852445225969202, 6.666783680768007, 0.0], [2.0625651646955023, 3.272276539419368, 0.0], [-0.07206503555099143, 5.321553806246418, 0.0], [-5.589582876954248, 3.989821217693823, 1.0], [-3.3732002994430195, 3.2012987984387276, 1.0]], "curr_time": 26.0, "init_speed": 5.148460796479989, "next_speed": 5.75, "next_speed_arr": [5.148460796479989, 5.75], "path": [[0.0, 0.0], [-0.6553175673737588, 3.236787668929048]]}