{"cones": [[2.7545840890628974, 14.928978194821983, 0.0], [-3.9139163164385753, 20.059812580542065, 0.0], [3.4816636240494483, 12.219538118415297, 0.0], [3.270044414528161, 8.740719426380181, 0.0], [3.9641906568452248, 6.156557964310863, 0.0], [3.2809784643817976, 3.843688184178884, 0.0], [-0.3868858461870311, 17.89456586630512, 0.0], [-2.5414462772616533, 18.463611587580342, 0.0], [1.5787479077646909, 16.596510600700306, 0.0], [-5.724730470426967, 19.558722113636527, 0.0], [-0.3069953123253973, 12.705807124244089, 1.0], [-1.2470169336619414, 14.01818138432745, 1.0], [0.2326188770457084, 7.104849652236231, 1.0], [-0.782496658518878, 4.197926677872877, 1.0], [-5.199267115136955, 15.367559699587012, 1.0]], "curr_time": 19.0, "init_speed": 7.558578145651859, "next_speed": 7.558578145651859, "next_speed_arr": [7.558578145651859, 6.242124315544644, 5.316112041473389, 5.797635863358963, 5.977864742279053, 5.75], "path": [[0.0, 0.0], [1.24924090293146, 4.02080743102588], [2.0984047669454666, 6.630703808273547], [1.7513316457869348, 7.922784539308206], [1.8285976722599138, 9.431182544277476], [1.481524551101382, 10.723263275312135]]}