{"cones": [[4.691716797463133, 5.359740165214299, 0.0], [2.1258610734357384, 3.212010256553811, 0.0], [-5.551166042575507, 20.59544007654778, 0.0], [-3.390857131030379, 20.99826365191099, 0.0], [-0.6567022702805919, 21.45913236048998, 0.0], [3.051945942967194, 22.983138337119858, 0.0], [5.180772535584246, 9.615295689807063, 1.0], [2.6191232457114335, 8.82532406406563, 1.0], [0.2840058891203014, 6.854398774211154, 1.0], [-1.095430655231579, 4.707383784693965, 1.0], [-5.433374846738274, 17.3731611280493, 1.0], [-1.887024294315542, 17.79718723975627, 1.0], [0.694326939036021, 18.520648046950967, 1.0], [4.8125905086405325, 20.453900935133312, 1.0]], "curr_time": 14.0, "init_speed": 5.576717705476806, "next_speed": 5.0, "next_speed_arr": [NaN, NaN, NaN, NaN, NaN, NaN], "path": [[0.0, 0.0], [0.5152152091020799, 3.9596970206238877], [2.4878613432917174, 6.107069469712727], [3.6554200215872834, 7.092532114639964], [3.6554200215872834, 7.092532114639964], [0.9812104877154209, 15.142228212277805]]}